<?xml version="1.0" encoding="UTF-8"?>
<project-private xmlns="http://www.netbeans.org/ns/project-private/1">
    <editor-bookmarks xmlns="http://www.netbeans.org/ns/editor-bookmarks/2" lastBookmarkId="0"/>
    <open-files xmlns="http://www.netbeans.org/ns/projectui-open-files/2">
        <group>
            <file>file:/C:/Users/nahus/OneDrive/Documents/NetBeansProjects/calculatorclient/src/java/servlet.java</file>
            <file>file:/C:/Users/nahus/OneDrive/Documents/NetBeansProjects/calculatorclient/web/index.html</file>
            <file>file:/C:/Users/nahus/OneDrive/Documents/NetBeansProjects/calculatorclient/src/conf/xml-resources/web-service-references/calculatorservice/wsdl/localhost_8080/Calculator/calculatorservice.wsdl</file>
        </group>
    </open-files>
</project-private>
